Group,Test,Value,Type,Stack,Data,Address.cor,Address.mem,STACK
GrupoA_Z,abc00,98,Stack,111307,55653,111307,NA,NA
GrupoA_Z,abc00,456,Stack,111307,55653,111307,NA,NA
GrupoA_Z,abc01,-3,Stack,108169,54084,108169,NA,NA
GrupoA_Z,abc01,432,Stack,108169,54084,108169,NA,NA
GrupoA_Z,abc02,123,Stack,118813,59406,118813,NA,NA
GrupoA_Z,abc02,357,Stack,118813,59406,118813,NA,NA
GrupoA_Z,abc03,1,Stack,118959,59479,118959,128932,TRUE
GrupoA_Z,abc03,393,Stack,118959,59479,118959,NA,NA
GrupoA_Z,abc04,5,Stack,107050,53525,107050,NA,NA
GrupoA_Z,abc04,615,Stack,107050,53525,107050,NA,NA
GrupoA_Z,abc06,0,Stack,107481,53740,107481,128933,FALSE
GrupoA_Z,abc06,1,Stack,107481,53740,107481,128932,FALSE
GrupoA_Z,abc06,2,Stack,107481,53740,107481,NA,NA
GrupoA_Z,abc06,3,Stack,107481,53740,107481,NA,NA
GrupoA_Z,abc06,290,Stack,107481,53740,107481,NA,NA
GrupoA_Z,abc07,0,Stack,100628,50314,100628,128933,FALSE
GrupoA_Z,abc07,1,Stack,100628,50314,100628,128932,FALSE
GrupoA_Z,abc07,2,Stack,100628,50314,100628,NA,NA
GrupoA_Z,abc07,3,Stack,100628,50314,100628,NA,NA
GrupoA_Z,abc07,322,Stack,100628,50314,100628,NA,NA
GrupoA_Z,ijk00,456,Stack,105704,52852,105704,105705,TRUE
GrupoA_Z,ijk00,923,Data,105704,52852,52852,52852,FALSE
GrupoA_Z,ijk00,1379,Stack,105704,52852,105704,105704,TRUE
GrupoA_Z,ijk01,456,Stack,131582,65791,131582,131584,TRUE
GrupoA_Z,ijk01,923,Data,131582,65791,65791,65791,FALSE
GrupoA_Z,ijk01,1379,Stack,131582,65791,131582,131585,TRUE
GrupoA_Z,ijk02,456,Data,110239,55119,55119,55120,FALSE
GrupoA_Z,ijk02,923,Data,110239,55119,55119,55121,FALSE
GrupoA_Z,ijk02,1379,Data,110239,55119,55119,55119,FALSE
GrupoA_Z,ijk03,456,Data,124312,62156,62156,62157,FALSE
GrupoA_Z,ijk03,923,Data,124312,62156,62156,62159,FALSE
GrupoA_Z,ijk03,1379,Data,124312,62156,62156,62158,FALSE
GrupoA_Z,ijk04,30,Stack,106151,53075,106151,106151,TRUE
GrupoA_Z,ijk04,46,Stack,106151,53075,106151,106152,TRUE
GrupoA_Z,ijk04,76,Stack,106151,53075,106151,106153,TRUE
GrupoA_Z,ijk05,-18,Stack,105615,52807,105615,105616,TRUE
GrupoA_Z,ijk05,-2,Stack,105615,52807,105615,105615,TRUE
GrupoA_Z,ijk05,16,Stack,105615,52807,105615,105617,TRUE
GrupoA_Z,ijk06,5,Stack,109581,54790,109581,109582,TRUE
GrupoA_Z,ijk06,12,Stack,109581,54790,109581,109583,TRUE
GrupoA_Z,ijk06,25,Stack,109581,54790,109581,109581,TRUE
GrupoA_Z,ijk07,45,Stack,101828,50914,101828,101828,TRUE
GrupoA_Z,ijk07,135,Stack,101828,50914,101828,101829,TRUE
GrupoA_Z,ijk07,6075,Stack,101828,50914,101828,101830,TRUE
GrupoA_Z,ijk08,3,Stack,102240,51120,102240,102242,TRUE
GrupoA_Z,ijk08,15,Stack,102240,51120,102240,102241,TRUE
GrupoA_Z,ijk08,55,Stack,102240,51120,102240,102240,TRUE
GrupoA_Z,ijk09,3,Stack,119967,59983,119967,119969,TRUE
GrupoA_Z,ijk09,15,Stack,119967,59983,119967,119968,TRUE
GrupoA_Z,ijk09,46,Stack,119967,59983,119967,119967,TRUE
GrupoA_Z,ijk10,2,Stack,107308,53654,107308,107310,TRUE
GrupoA_Z,ijk10,300,Stack,107308,53654,107308,107308,TRUE
GrupoA_Z,ijk10,400,Stack,107308,53654,107308,107309,TRUE
GrupoA_Z,ijk11,2,Stack,103741,51870,103741,103743,TRUE
GrupoA_Z,ijk11,400,Stack,103741,51870,103741,103742,TRUE
GrupoA_Z,ijk11,800,Stack,103741,51870,103741,103741,TRUE
GrupoA_Z,ijk12,20,Stack,100319,50159,100319,100319,TRUE
GrupoA_Z,ijk13,2,Stack,120391,60195,120391,120391,TRUE
GrupoA_Z,ijk14,393,Data,118162,59081,59081,59081,FALSE
GrupoA_Z,ijk14,394,Stack,118162,59081,118162,118162,TRUE
GrupoA_Z,ijk15,-393,Stack,120904,60452,120904,120904,TRUE
GrupoA_Z,ijk15,393,Stack,120904,60452,120904,120905,TRUE
GrupoA_Z,ijk16,0,Data,117926,58963,58963,58963,FALSE
GrupoA_Z,ijk16,1,Data,117926,58963,58963,58964,FALSE
GrupoA_Z,ijk16,109,Stack,117926,58963,117926,117926,TRUE
GrupoA_Z,ijk17,0,Data,131798,65899,65899,65899,FALSE
GrupoA_Z,ijk17,1,Data,131798,65899,65899,65900,FALSE
GrupoA_Z,ijk17,109,Stack,131798,65899,131798,131798,TRUE
GrupoA_Z,ijk18,1,Data,128519,64259,64259,64259,FALSE
GrupoA_Z,ijk18,2,Data,128519,64259,64259,64260,FALSE
GrupoA_Z,ijk18,109,Stack,128519,64259,128519,128519,TRUE
GrupoA_Z,ijk19,1,Data,120041,60020,60020,60020,FALSE
GrupoA_Z,ijk19,4,Stack,120041,60020,120041,120042,TRUE
GrupoA_Z,ijk19,109,Stack,120041,60020,120041,120041,TRUE
GrupoA_Z,ijk20,1,Data,122921,61460,61460,61460,FALSE
GrupoA_Z,ijk20,5,Stack,122921,61460,122921,122922,TRUE
GrupoA_Z,ijk20,109,Stack,122921,61460,122921,122921,TRUE
GrupoA_Z,ijk21,0,Data,128407,64203,64203,64203,FALSE
GrupoA_Z,ijk21,5,Stack,128407,64203,128407,128409,TRUE
GrupoA_Z,ijk21,108,Stack,128407,64203,128407,128408,TRUE
GrupoA_Z,ijk21,109,Stack,128407,64203,128407,128407,TRUE
GrupoA_Z,ijk22,1,Data,107667,53833,53833,53833,FALSE
GrupoA_Z,ijk22,6,Stack,107667,53833,107667,107669,TRUE
GrupoA_Z,ijk22,108,Stack,107667,53833,107667,107668,TRUE
GrupoA_Z,ijk22,109,Stack,107667,53833,107667,107667,TRUE
GrupoA_Z,ijk23,0,Data,120890,60445,60445,60445,FALSE
GrupoA_Z,ijk23,5,Stack,120890,60445,120890,120892,TRUE
GrupoA_Z,ijk23,109,Stack,120890,60445,120890,120890,TRUE
GrupoA_Z,ijk24,1,Data,128932,64466,64466,64466,FALSE
GrupoA_Z,ijk24,1,Stack,128932,64466,128932,128932,TRUE
GrupoA_Z,ijk24,6,Stack,128932,64466,128932,128934,TRUE
GrupoC,abc00,98,Stack,113360,56680,113360,NA,NA
GrupoC,abc00,456,Stack,113360,56680,113360,NA,NA
GrupoC,abc01,-3,Stack,130246,65123,130246,NA,NA
GrupoC,abc01,432,Stack,130246,65123,130246,NA,NA
GrupoC,abc02,123,Stack,105686,52843,105686,NA,NA
GrupoC,abc02,357,Stack,105686,52843,105686,NA,NA
GrupoC,abc03,1,Stack,109007,54503,109007,NA,NA
GrupoC,abc03,393,Stack,109007,54503,109007,NA,NA
GrupoC,abc04,5,Stack,102694,51347,102694,NA,NA
GrupoC,abc04,615,Stack,102694,51347,102694,NA,NA
GrupoC,abc06,0,Stack,123562,61781,123562,NA,NA
GrupoC,abc06,1,Stack,123562,61781,123562,NA,NA
GrupoC,abc06,2,Stack,123562,61781,123562,NA,NA
GrupoC,abc06,3,Stack,123562,61781,123562,NA,NA
GrupoC,abc06,290,Stack,123562,61781,123562,NA,NA
GrupoC,abc07,0,Stack,109159,54579,109159,NA,NA
GrupoC,abc07,1,Stack,109159,54579,109159,NA,NA
GrupoC,abc07,2,Stack,109159,54579,109159,NA,NA
GrupoC,abc07,3,Stack,109159,54579,109159,NA,NA
GrupoC,abc07,322,Stack,109159,54579,109159,NA,NA
GrupoC,ijk00,456,Stack,115447,57723,115447,NA,NA
GrupoC,ijk00,923,Data,115447,57723,57723,NA,NA
GrupoC,ijk00,1379,Stack,115447,57723,115447,NA,NA
GrupoC,ijk01,456,Stack,119401,59700,119401,NA,NA
GrupoC,ijk01,923,Data,119401,59700,59700,NA,NA
GrupoC,ijk01,1379,Stack,119401,59700,119401,NA,NA
GrupoC,ijk02,456,Data,111971,55985,55985,NA,NA
GrupoC,ijk02,923,Data,111971,55985,55985,NA,NA
GrupoC,ijk02,1379,Data,111971,55985,55985,NA,NA
GrupoC,ijk03,456,Data,130628,65314,65314,NA,NA
GrupoC,ijk03,923,Data,130628,65314,65314,NA,NA
GrupoC,ijk03,1379,Data,130628,65314,65314,NA,NA
GrupoC,ijk04,30,Stack,113211,56605,113211,NA,NA
GrupoC,ijk04,46,Stack,113211,56605,113211,NA,NA
GrupoC,ijk04,76,Stack,113211,56605,113211,NA,NA
GrupoC,ijk05,-18,Stack,121969,60984,121969,NA,NA
GrupoC,ijk05,-2,Stack,121969,60984,121969,NA,NA
GrupoC,ijk05,16,Stack,121969,60984,121969,NA,NA
GrupoC,ijk06,5,Stack,129268,64634,129268,NA,NA
GrupoC,ijk06,12,Stack,129268,64634,129268,NA,NA
GrupoC,ijk06,25,Stack,129268,64634,129268,NA,NA
GrupoC,ijk07,45,Stack,101869,50934,101869,NA,NA
GrupoC,ijk07,135,Stack,101869,50934,101869,NA,NA
GrupoC,ijk07,6075,Stack,101869,50934,101869,NA,NA
GrupoC,ijk08,3,Stack,108845,54422,108845,NA,NA
GrupoC,ijk08,15,Stack,108845,54422,108845,NA,NA
GrupoC,ijk08,55,Stack,108845,54422,108845,NA,NA
GrupoC,ijk09,3,Stack,128491,64245,128491,NA,NA
GrupoC,ijk09,15,Stack,128491,64245,128491,NA,NA
GrupoC,ijk09,46,Stack,128491,64245,128491,NA,NA
GrupoC,ijk10,2,Stack,101093,50546,101093,NA,NA
GrupoC,ijk10,300,Stack,101093,50546,101093,NA,NA
GrupoC,ijk10,400,Stack,101093,50546,101093,NA,NA
GrupoC,ijk11,2,Stack,102592,51296,102592,NA,NA
GrupoC,ijk11,400,Stack,102592,51296,102592,NA,NA
GrupoC,ijk11,800,Stack,102592,51296,102592,NA,NA
GrupoC,ijk12,20,Stack,108262,54131,108262,NA,NA
GrupoC,ijk13,2,Stack,111299,55649,111299,NA,NA
GrupoC,ijk14,393,Data,110127,55063,55063,NA,NA
GrupoC,ijk14,394,Stack,110127,55063,110127,NA,NA
GrupoC,ijk15,-393,Stack,109763,54881,109763,NA,NA
GrupoC,ijk15,393,Stack,109763,54881,109763,NA,NA
GrupoC,ijk16,0,Data,125182,62591,62591,NA,NA
GrupoC,ijk16,1,Data,125182,62591,62591,NA,NA
GrupoC,ijk16,109,Stack,125182,62591,125182,NA,NA
GrupoC,ijk17,0,Data,123629,61814,61814,NA,NA
GrupoC,ijk17,1,Data,123629,61814,61814,NA,NA
GrupoC,ijk17,109,Stack,123629,61814,123629,NA,NA
GrupoC,ijk18,1,Data,124197,62098,62098,NA,NA
GrupoC,ijk18,2,Data,124197,62098,62098,NA,NA
GrupoC,ijk18,109,Stack,124197,62098,124197,NA,NA
GrupoC,ijk19,1,Data,117409,58704,58704,NA,NA
GrupoC,ijk19,4,Stack,117409,58704,117409,NA,NA
GrupoC,ijk19,109,Stack,117409,58704,117409,NA,NA
GrupoC,ijk20,1,Data,111520,55760,55760,NA,NA
GrupoC,ijk20,5,Stack,111520,55760,111520,NA,NA
GrupoC,ijk20,109,Stack,111520,55760,111520,NA,NA
GrupoC,ijk21,0,Data,112190,56095,56095,NA,NA
GrupoC,ijk21,5,Stack,112190,56095,112190,NA,NA
GrupoC,ijk21,108,Stack,112190,56095,112190,NA,NA
GrupoC,ijk21,109,Stack,112190,56095,112190,NA,NA
GrupoC,ijk22,1,Data,112471,56235,56235,NA,NA
GrupoC,ijk22,6,Stack,112471,56235,112471,NA,NA
GrupoC,ijk22,108,Stack,112471,56235,112471,NA,NA
GrupoC,ijk22,109,Stack,112471,56235,112471,NA,NA
GrupoC,ijk23,0,Data,128085,64042,64042,NA,NA
GrupoC,ijk23,5,Stack,128085,64042,128085,NA,NA
GrupoC,ijk23,109,Stack,128085,64042,128085,NA,NA
GrupoC,ijk24,1,Data,128948,64474,64474,NA,NA
GrupoC,ijk24,1,Stack,128948,64474,128948,NA,NA
GrupoC,ijk24,6,Stack,128948,64474,128948,NA,NA
GrupoE,abc00,98,Stack,112321,56160,112321,112329,TRUE
GrupoE,abc00,456,Stack,112321,56160,112321,112325,TRUE
GrupoE,abc01,-3,Stack,110361,55180,110361,110361,TRUE
GrupoE,abc01,432,Stack,110361,55180,110361,110365,TRUE
GrupoE,abc02,123,Stack,130278,65139,130278,130286,TRUE
GrupoE,abc02,357,Stack,130278,65139,130278,130282,TRUE
GrupoE,abc03,1,Stack,121570,60785,121570,121570,TRUE
GrupoE,abc03,393,Stack,121570,60785,121570,121574,TRUE
GrupoE,abc04,5,Stack,101523,50761,101523,101523,TRUE
GrupoE,abc04,615,Stack,101523,50761,101523,101531,TRUE
GrupoE,abc06,0,Stack,126334,63167,126334,126334,TRUE
GrupoE,abc06,1,Stack,126334,63167,126334,126338,TRUE
GrupoE,abc06,2,Stack,126334,63167,126334,126342,TRUE
GrupoE,abc06,3,Stack,126334,63167,126334,126346,TRUE
GrupoE,abc06,290,Stack,126334,63167,126334,126350,TRUE
GrupoE,abc07,0,Stack,132210,66105,132210,132214,TRUE
GrupoE,abc07,1,Stack,132210,66105,132210,132210,TRUE
GrupoE,abc07,2,Stack,132210,66105,132210,132218,TRUE
GrupoE,abc07,3,Stack,132210,66105,132210,132222,TRUE
GrupoE,abc07,322,Stack,132210,66105,132210,132226,TRUE
GrupoE,ijk00,456,Stack,107736,53868,107736,107740,TRUE
GrupoE,ijk00,923,Data,107736,53868,53868,53868,FALSE
GrupoE,ijk00,1379,Stack,107736,53868,107736,107736,TRUE
GrupoE,ijk01,456,Stack,119356,59678,119356,119364,TRUE
GrupoE,ijk01,923,Data,119356,59678,59678,59678,FALSE
GrupoE,ijk01,1379,Stack,119356,59678,119356,119368,TRUE
GrupoE,ijk02,456,Data,102103,51051,51051,51055,FALSE
GrupoE,ijk02,923,Data,102103,51051,51051,51059,FALSE
GrupoE,ijk02,1379,Data,102103,51051,51051,51051,FALSE
GrupoE,ijk03,456,Data,103042,51521,51521,51525,FALSE
GrupoE,ijk03,923,Data,103042,51521,51521,51533,FALSE
GrupoE,ijk03,1379,Data,103042,51521,51521,51529,FALSE
GrupoE,ijk04,30,Stack,102504,51252,102504,102504,TRUE
GrupoE,ijk04,46,Stack,102504,51252,102504,102508,TRUE
GrupoE,ijk04,76,Stack,102504,51252,102504,102512,TRUE
GrupoE,ijk05,-18,Stack,115439,57719,115439,115443,TRUE
GrupoE,ijk05,-2,Stack,115439,57719,115439,115439,TRUE
GrupoE,ijk05,16,Stack,115439,57719,115439,115447,TRUE
GrupoE,ijk06,5,Stack,118677,59338,118677,118681,TRUE
GrupoE,ijk06,12,Stack,118677,59338,118677,118685,TRUE
GrupoE,ijk06,25,Stack,118677,59338,118677,118677,TRUE
GrupoE,ijk07,45,Stack,108982,54491,108982,108982,TRUE
GrupoE,ijk07,135,Stack,108982,54491,108982,108986,TRUE
GrupoE,ijk07,6075,Stack,108982,54491,108982,108990,TRUE
GrupoE,ijk08,3,Stack,100135,50067,100135,100143,TRUE
GrupoE,ijk08,15,Stack,100135,50067,100135,100139,TRUE
GrupoE,ijk08,55,Stack,100135,50067,100135,100135,TRUE
GrupoE,ijk09,3,Stack,113376,56688,113376,113384,TRUE
GrupoE,ijk09,15,Stack,113376,56688,113376,113380,TRUE
GrupoE,ijk09,46,Stack,113376,56688,113376,113376,TRUE
GrupoE,ijk10,2,Stack,129510,64755,129510,129518,TRUE
GrupoE,ijk10,300,Stack,129510,64755,129510,129510,TRUE
GrupoE,ijk10,400,Stack,129510,64755,129510,129514,TRUE
GrupoE,ijk11,2,Stack,106477,53238,106477,106485,TRUE
GrupoE,ijk11,400,Stack,106477,53238,106477,106481,TRUE
GrupoE,ijk11,800,Stack,106477,53238,106477,106477,TRUE
GrupoE,ijk12,20,Stack,127764,63882,127764,127764,TRUE
GrupoE,ijk13,2,Stack,123114,61557,123114,123114,TRUE
GrupoE,ijk14,393,Data,117418,58709,58709,58709,FALSE
GrupoE,ijk14,394,Stack,117418,58709,117418,117418,TRUE
GrupoE,ijk15,-393,Stack,126033,63016,126033,126033,TRUE
GrupoE,ijk15,393,Stack,126033,63016,126033,126037,TRUE
GrupoE,ijk16,0,Data,121129,60564,60564,60564,FALSE
GrupoE,ijk16,1,Data,121129,60564,60564,60568,FALSE
GrupoE,ijk16,109,Stack,121129,60564,121129,121129,TRUE
GrupoE,ijk17,0,Data,118757,59378,59378,59378,FALSE
GrupoE,ijk17,1,Data,118757,59378,59378,59382,FALSE
GrupoE,ijk17,109,Stack,118757,59378,118757,118757,TRUE
GrupoE,ijk18,1,Data,129902,64951,64951,64951,FALSE
GrupoE,ijk18,2,Data,129902,64951,64951,64955,FALSE
GrupoE,ijk18,109,Stack,129902,64951,129902,129902,TRUE
GrupoE,ijk19,1,Data,111932,55966,55966,55966,FALSE
GrupoE,ijk19,4,Stack,111932,55966,111932,111936,TRUE
GrupoE,ijk19,109,Stack,111932,55966,111932,111932,TRUE
GrupoE,ijk20,1,Data,109245,54622,54622,54622,FALSE
GrupoE,ijk20,5,Stack,109245,54622,109245,109249,TRUE
GrupoE,ijk20,109,Stack,109245,54622,109245,109245,TRUE
GrupoE,ijk21,0,Data,100137,50068,50068,50068,FALSE
GrupoE,ijk21,5,Stack,100137,50068,100137,100145,TRUE
GrupoE,ijk21,108,Stack,100137,50068,100137,100141,TRUE
GrupoE,ijk21,109,Stack,100137,50068,100137,100137,TRUE
GrupoE,ijk22,1,Data,130573,65286,65286,65286,FALSE
GrupoE,ijk22,6,Stack,130573,65286,130573,130581,TRUE
GrupoE,ijk22,108,Stack,130573,65286,130573,130577,TRUE
GrupoE,ijk22,109,Stack,130573,65286,130573,130573,TRUE
GrupoE,ijk23,0,Data,118343,59171,59171,59171,FALSE
GrupoE,ijk23,5,Stack,118343,59171,118343,118351,TRUE
GrupoE,ijk23,109,Stack,118343,59171,118343,118343,TRUE
GrupoE,ijk24,1,Data,125073,62536,62536,62536,FALSE
GrupoE,ijk24,1,Stack,125073,62536,125073,125073,TRUE
GrupoE,ijk24,6,Stack,125073,62536,125073,125081,TRUE
GrupoG,abc00,98,Stack,112540,56270,112540,NA,NA
GrupoG,abc00,456,Stack,112540,56270,112540,NA,NA
GrupoG,abc01,-3,Stack,104215,52107,104215,NA,NA
GrupoG,abc01,432,Stack,104215,52107,104215,NA,NA
GrupoG,abc02,123,Stack,130435,65217,130435,NA,NA
GrupoG,abc02,357,Stack,130435,65217,130435,NA,NA
GrupoG,abc03,1,Stack,127289,63644,127289,NA,NA
GrupoG,abc03,393,Stack,127289,63644,127289,NA,NA
GrupoG,abc04,5,Stack,120974,60487,120974,NA,NA
GrupoG,abc04,615,Stack,120974,60487,120974,NA,NA
GrupoG,abc06,0,Stack,105411,52705,105411,NA,NA
GrupoG,abc06,1,Stack,105411,52705,105411,NA,NA
GrupoG,abc06,2,Stack,105411,52705,105411,NA,NA
GrupoG,abc06,3,Stack,105411,52705,105411,NA,NA
GrupoG,abc06,290,Stack,105411,52705,105411,NA,NA
GrupoG,abc07,0,Stack,106447,53223,106447,NA,NA
GrupoG,abc07,1,Stack,106447,53223,106447,NA,NA
GrupoG,abc07,2,Stack,106447,53223,106447,NA,NA
GrupoG,abc07,3,Stack,106447,53223,106447,NA,NA
GrupoG,abc07,322,Stack,106447,53223,106447,NA,NA
GrupoG,ijk00,456,Stack,104855,52427,104855,NA,NA
GrupoG,ijk00,923,Data,104855,52427,52427,NA,NA
GrupoG,ijk00,1379,Stack,104855,52427,104855,NA,NA
GrupoG,ijk01,456,Stack,130928,65464,130928,NA,NA
GrupoG,ijk01,923,Data,130928,65464,65464,NA,NA
GrupoG,ijk01,1379,Stack,130928,65464,130928,NA,NA
GrupoG,ijk02,456,Data,111873,55936,55936,NA,NA
GrupoG,ijk02,923,Data,111873,55936,55936,NA,NA
GrupoG,ijk02,1379,Data,111873,55936,55936,NA,NA
GrupoG,ijk03,456,Data,120161,60080,60080,NA,NA
GrupoG,ijk03,923,Data,120161,60080,60080,NA,NA
GrupoG,ijk03,1379,Data,120161,60080,60080,NA,NA
GrupoG,ijk04,30,Stack,132095,66047,132095,NA,NA
GrupoG,ijk04,46,Stack,132095,66047,132095,NA,NA
GrupoG,ijk04,76,Stack,132095,66047,132095,NA,NA
GrupoG,ijk05,-18,Stack,121732,60866,121732,NA,NA
GrupoG,ijk05,-2,Stack,121732,60866,121732,NA,NA
GrupoG,ijk05,16,Stack,121732,60866,121732,NA,NA
GrupoG,ijk06,5,Stack,122854,61427,122854,NA,NA
GrupoG,ijk06,12,Stack,122854,61427,122854,NA,NA
GrupoG,ijk06,25,Stack,122854,61427,122854,NA,NA
GrupoG,ijk07,45,Stack,111565,55782,111565,NA,NA
GrupoG,ijk07,135,Stack,111565,55782,111565,NA,NA
GrupoG,ijk07,6075,Stack,111565,55782,111565,NA,NA
GrupoG,ijk08,3,Stack,125920,62960,125920,NA,NA
GrupoG,ijk08,15,Stack,125920,62960,125920,NA,NA
GrupoG,ijk08,55,Stack,125920,62960,125920,NA,NA
GrupoG,ijk09,3,Stack,119382,59691,119382,NA,NA
GrupoG,ijk09,15,Stack,119382,59691,119382,NA,NA
GrupoG,ijk09,46,Stack,119382,59691,119382,NA,NA
GrupoG,ijk10,2,Stack,117801,58900,117801,NA,NA
GrupoG,ijk10,300,Stack,117801,58900,117801,NA,NA
GrupoG,ijk10,400,Stack,117801,58900,117801,NA,NA
GrupoG,ijk11,2,Stack,131741,65870,131741,NA,NA
GrupoG,ijk11,400,Stack,131741,65870,131741,NA,NA
GrupoG,ijk11,800,Stack,131741,65870,131741,NA,NA
GrupoG,ijk12,20,Stack,122528,61264,122528,NA,NA
GrupoG,ijk13,2,Stack,100717,50358,100717,NA,NA
GrupoG,ijk14,393,Data,110442,55221,55221,NA,NA
GrupoG,ijk14,394,Stack,110442,55221,110442,NA,NA
GrupoG,ijk15,-393,Stack,125395,62697,125395,NA,NA
GrupoG,ijk15,393,Stack,125395,62697,125395,NA,NA
GrupoG,ijk16,0,Data,117868,58934,58934,NA,NA
GrupoG,ijk16,1,Data,117868,58934,58934,NA,NA
GrupoG,ijk16,109,Stack,117868,58934,117868,NA,NA
GrupoG,ijk17,0,Data,116374,58187,58187,NA,NA
GrupoG,ijk17,1,Data,116374,58187,58187,NA,NA
GrupoG,ijk17,109,Stack,116374,58187,116374,NA,NA
GrupoG,ijk18,1,Data,122279,61139,61139,NA,NA
GrupoG,ijk18,2,Data,122279,61139,61139,NA,NA
GrupoG,ijk18,109,Stack,122279,61139,122279,NA,NA
GrupoG,ijk19,1,Data,100616,50308,50308,NA,NA
GrupoG,ijk19,4,Stack,100616,50308,100616,NA,NA
GrupoG,ijk19,109,Stack,100616,50308,100616,NA,NA
GrupoG,ijk20,1,Data,101229,50614,50614,NA,NA
GrupoG,ijk20,5,Stack,101229,50614,101229,NA,NA
GrupoG,ijk20,109,Stack,101229,50614,101229,NA,NA
GrupoG,ijk21,0,Data,101734,50867,50867,NA,NA
GrupoG,ijk21,5,Stack,101734,50867,101734,NA,NA
GrupoG,ijk21,108,Stack,101734,50867,101734,NA,NA
GrupoG,ijk21,109,Stack,101734,50867,101734,NA,NA
GrupoG,ijk22,1,Data,117595,58797,58797,NA,NA
GrupoG,ijk22,6,Stack,117595,58797,117595,NA,NA
GrupoG,ijk22,108,Stack,117595,58797,117595,NA,NA
GrupoG,ijk22,109,Stack,117595,58797,117595,NA,NA
GrupoG,ijk23,0,Data,131828,65914,65914,NA,NA
GrupoG,ijk23,5,Stack,131828,65914,131828,NA,NA
GrupoG,ijk23,109,Stack,131828,65914,131828,NA,NA
GrupoG,ijk24,1,Data,107176,53588,53588,NA,NA
GrupoG,ijk24,1,Stack,107176,53588,107176,NA,NA
GrupoG,ijk24,6,Stack,107176,53588,107176,NA,NA
GrupoJ,abc00,98,Stack,115650,57825,115650,115658,TRUE
GrupoJ,abc00,456,Stack,115650,57825,115650,115654,TRUE
GrupoJ,abc01,-3,Stack,119122,59561,119122,119122,TRUE
GrupoJ,abc01,432,Stack,119122,59561,119122,119126,TRUE
GrupoJ,abc02,123,Stack,128024,64012,128024,128032,TRUE
GrupoJ,abc02,357,Stack,128024,64012,128024,128028,TRUE
GrupoJ,abc03,1,Stack,115510,57755,115510,115510,TRUE
GrupoJ,abc03,393,Stack,115510,57755,115510,115514,TRUE
GrupoJ,abc04,5,Stack,116658,58329,116658,NA,NA
GrupoJ,abc04,615,Stack,116658,58329,116658,NA,NA
GrupoJ,abc06,0,Stack,129921,64960,129921,129921,TRUE
GrupoJ,abc06,1,Stack,129921,64960,129921,129925,TRUE
GrupoJ,abc06,2,Stack,129921,64960,129921,129929,TRUE
GrupoJ,abc06,3,Stack,129921,64960,129921,129933,TRUE
GrupoJ,abc06,290,Stack,129921,64960,129921,129937,TRUE
GrupoJ,abc07,0,Stack,119359,59679,119359,119363,TRUE
GrupoJ,abc07,1,Stack,119359,59679,119359,119359,TRUE
GrupoJ,abc07,2,Stack,119359,59679,119359,119367,TRUE
GrupoJ,abc07,3,Stack,119359,59679,119359,119371,TRUE
GrupoJ,abc07,322,Stack,119359,59679,119359,119375,TRUE
GrupoJ,ijk00,456,Stack,124206,62103,124206,124210,TRUE
GrupoJ,ijk00,923,Data,124206,62103,62103,62103,FALSE
GrupoJ,ijk00,1379,Stack,124206,62103,124206,124206,TRUE
GrupoJ,ijk01,456,Stack,113032,56516,113032,113040,TRUE
GrupoJ,ijk01,923,Data,113032,56516,56516,56516,FALSE
GrupoJ,ijk01,1379,Stack,113032,56516,113032,113044,TRUE
GrupoJ,ijk02,456,Data,101409,50704,50704,50708,FALSE
GrupoJ,ijk02,923,Data,101409,50704,50704,50712,FALSE
GrupoJ,ijk02,1379,Data,101409,50704,50704,50704,FALSE
GrupoJ,ijk03,456,Data,114480,57240,57240,57244,FALSE
GrupoJ,ijk03,923,Data,114480,57240,57240,57252,FALSE
GrupoJ,ijk03,1379,Data,114480,57240,57240,57248,FALSE
GrupoJ,ijk04,30,Stack,119907,59953,119907,119907,TRUE
GrupoJ,ijk04,46,Stack,119907,59953,119907,119911,TRUE
GrupoJ,ijk04,76,Stack,119907,59953,119907,119915,TRUE
GrupoJ,ijk05,-18,Stack,126589,63294,126589,126593,TRUE
GrupoJ,ijk05,-2,Stack,126589,63294,126589,126589,TRUE
GrupoJ,ijk05,16,Stack,126589,63294,126589,126597,TRUE
GrupoJ,ijk06,5,Stack,102408,51204,102408,102412,TRUE
GrupoJ,ijk06,12,Stack,102408,51204,102408,102416,TRUE
GrupoJ,ijk06,25,Stack,102408,51204,102408,102408,TRUE
GrupoJ,ijk07,45,Stack,111119,55559,111119,111119,TRUE
GrupoJ,ijk07,135,Stack,111119,55559,111119,111123,TRUE
GrupoJ,ijk07,6075,Stack,111119,55559,111119,111127,TRUE
GrupoJ,ijk08,3,Stack,107822,53911,107822,107830,TRUE
GrupoJ,ijk08,15,Stack,107822,53911,107822,107826,TRUE
GrupoJ,ijk08,55,Stack,107822,53911,107822,107822,TRUE
GrupoJ,ijk09,3,Stack,108016,54008,108016,108024,TRUE
GrupoJ,ijk09,15,Stack,108016,54008,108016,108020,TRUE
GrupoJ,ijk09,46,Stack,108016,54008,108016,108016,TRUE
GrupoJ,ijk10,2,Stack,111752,55876,111752,111760,TRUE
GrupoJ,ijk10,300,Stack,111752,55876,111752,111752,TRUE
GrupoJ,ijk10,400,Stack,111752,55876,111752,111756,TRUE
GrupoJ,ijk11,2,Stack,118113,59056,118113,118121,TRUE
GrupoJ,ijk11,400,Stack,118113,59056,118113,118117,TRUE
GrupoJ,ijk11,800,Stack,118113,59056,118113,118113,TRUE
GrupoJ,ijk12,20,Stack,112055,56027,112055,112055,TRUE
GrupoJ,ijk13,2,Stack,111542,55771,111542,111542,TRUE
GrupoJ,ijk14,393,Data,103595,51797,51797,51797,FALSE
GrupoJ,ijk14,394,Stack,103595,51797,103595,103595,TRUE
GrupoJ,ijk15,-393,Stack,126662,63331,126662,126662,TRUE
GrupoJ,ijk15,393,Stack,126662,63331,126662,126666,TRUE
GrupoJ,ijk16,0,Data,126387,63193,63193,NA,NA
GrupoJ,ijk16,1,Data,126387,63193,63193,NA,NA
GrupoJ,ijk16,109,Stack,126387,63193,126387,126387,TRUE
GrupoJ,ijk17,0,Data,100863,50431,50431,50431,FALSE
GrupoJ,ijk17,1,Data,100863,50431,50431,50435,FALSE
GrupoJ,ijk17,109,Stack,100863,50431,100863,100863,TRUE
GrupoJ,ijk18,1,Data,118003,59001,59001,59001,FALSE
GrupoJ,ijk18,2,Data,118003,59001,59001,59005,FALSE
GrupoJ,ijk18,109,Stack,118003,59001,118003,118003,TRUE
GrupoJ,ijk19,1,Data,106974,53487,53487,53487,FALSE
GrupoJ,ijk19,4,Stack,106974,53487,106974,106978,TRUE
GrupoJ,ijk19,109,Stack,106974,53487,106974,106974,TRUE
GrupoJ,ijk20,1,Data,123277,61638,61638,61638,FALSE
GrupoJ,ijk20,5,Stack,123277,61638,123277,123281,TRUE
GrupoJ,ijk20,109,Stack,123277,61638,123277,123277,TRUE
GrupoJ,ijk21,0,Data,112848,56424,56424,56424,FALSE
GrupoJ,ijk21,5,Stack,112848,56424,112848,112856,TRUE
GrupoJ,ijk21,108,Stack,112848,56424,112848,112852,TRUE
GrupoJ,ijk21,109,Stack,112848,56424,112848,112848,TRUE
GrupoJ,ijk22,1,Data,125479,62739,62739,62739,FALSE
GrupoJ,ijk22,6,Stack,125479,62739,125479,125487,TRUE
GrupoJ,ijk22,108,Stack,125479,62739,125479,125483,TRUE
GrupoJ,ijk22,109,Stack,125479,62739,125479,125479,TRUE
GrupoJ,ijk23,0,Data,106681,53340,53340,53340,FALSE
GrupoJ,ijk23,5,Stack,106681,53340,106681,106689,TRUE
GrupoJ,ijk23,109,Stack,106681,53340,106681,106681,TRUE
GrupoJ,ijk24,1,Data,128373,64186,64186,64186,FALSE
GrupoJ,ijk24,1,Stack,128373,64186,128373,128373,TRUE
GrupoJ,ijk24,6,Stack,128373,64186,128373,128381,TRUE
GrupoK,abc00,98,Stack,131104,65552,131104,131112,TRUE
GrupoK,abc00,456,Stack,131104,65552,131104,131108,TRUE
GrupoK,abc01,-3,Stack,119092,59546,119092,119092,TRUE
GrupoK,abc01,432,Stack,119092,59546,119092,119096,TRUE
GrupoK,abc02,123,Stack,122309,61154,122309,122317,TRUE
GrupoK,abc02,357,Stack,122309,61154,122309,122313,TRUE
GrupoK,abc03,1,Stack,101142,50571,101142,101142,TRUE
GrupoK,abc03,393,Stack,101142,50571,101142,101146,TRUE
GrupoK,abc04,5,Stack,114442,57221,114442,114442,TRUE
GrupoK,abc04,615,Stack,114442,57221,114442,114450,TRUE
GrupoK,abc06,0,Stack,115098,57549,115098,115098,TRUE
GrupoK,abc06,1,Stack,115098,57549,115098,115102,TRUE
GrupoK,abc06,2,Stack,115098,57549,115098,115106,TRUE
GrupoK,abc06,3,Stack,115098,57549,115098,115110,TRUE
GrupoK,abc06,290,Stack,115098,57549,115098,115114,TRUE
GrupoK,abc07,0,Stack,117280,58640,117280,117284,TRUE
GrupoK,abc07,1,Stack,117280,58640,117280,117280,TRUE
GrupoK,abc07,2,Stack,117280,58640,117280,117288,TRUE
GrupoK,abc07,3,Stack,117280,58640,117280,117292,TRUE
GrupoK,abc07,322,Stack,117280,58640,117280,117296,TRUE
GrupoK,ijk00,456,Stack,127788,63894,127788,127792,TRUE
GrupoK,ijk00,923,Data,127788,63894,63894,63894,FALSE
GrupoK,ijk00,1379,Stack,127788,63894,127788,127788,TRUE
GrupoK,ijk01,456,Stack,127136,63568,127136,127144,TRUE
GrupoK,ijk01,923,Data,127136,63568,63568,63568,FALSE
GrupoK,ijk01,1379,Stack,127136,63568,127136,127148,TRUE
GrupoK,ijk02,456,Data,102904,51452,51452,51456,FALSE
GrupoK,ijk02,923,Data,102904,51452,51452,51460,FALSE
GrupoK,ijk02,1379,Data,102904,51452,51452,51452,FALSE
GrupoK,ijk03,456,Data,113486,56743,56743,56747,FALSE
GrupoK,ijk03,923,Data,113486,56743,56743,56755,FALSE
GrupoK,ijk03,1379,Data,113486,56743,56743,56751,FALSE
GrupoK,ijk04,30,Stack,118003,59001,118003,118003,TRUE
GrupoK,ijk04,46,Stack,118003,59001,118003,118007,TRUE
GrupoK,ijk04,76,Stack,118003,59001,118003,118011,TRUE
GrupoK,ijk05,-18,Stack,126926,63463,126926,126930,TRUE
GrupoK,ijk05,-2,Stack,126926,63463,126926,126926,TRUE
GrupoK,ijk05,16,Stack,126926,63463,126926,126934,TRUE
GrupoK,ijk06,5,Stack,121845,60922,121845,121849,TRUE
GrupoK,ijk06,12,Stack,121845,60922,121845,121853,TRUE
GrupoK,ijk06,25,Stack,121845,60922,121845,121845,TRUE
GrupoK,ijk07,45,Stack,109954,54977,109954,109954,TRUE
GrupoK,ijk07,135,Stack,109954,54977,109954,109958,TRUE
GrupoK,ijk07,6075,Stack,109954,54977,109954,109962,TRUE
GrupoK,ijk08,3,Stack,117384,58692,117384,117392,TRUE
GrupoK,ijk08,15,Stack,117384,58692,117384,117388,TRUE
GrupoK,ijk08,55,Stack,117384,58692,117384,117384,TRUE
GrupoK,ijk09,3,Stack,107179,53589,107179,107187,TRUE
GrupoK,ijk09,15,Stack,107179,53589,107179,107183,TRUE
GrupoK,ijk09,46,Stack,107179,53589,107179,107179,TRUE
GrupoK,ijk10,2,Stack,126426,63213,126426,126434,TRUE
GrupoK,ijk10,300,Stack,126426,63213,126426,126426,TRUE
GrupoK,ijk10,400,Stack,126426,63213,126426,126430,TRUE
GrupoK,ijk11,2,Stack,120606,60303,120606,120614,TRUE
GrupoK,ijk11,400,Stack,120606,60303,120606,120610,TRUE
GrupoK,ijk11,800,Stack,120606,60303,120606,120606,TRUE
GrupoK,ijk12,20,Stack,102428,51214,102428,102428,TRUE
GrupoK,ijk13,2,Stack,125221,62610,125221,125221,TRUE
GrupoK,ijk14,393,Data,108538,54269,54269,54269,FALSE
GrupoK,ijk14,394,Stack,108538,54269,108538,108538,TRUE
GrupoK,ijk15,-393,Stack,117663,58831,117663,117663,TRUE
GrupoK,ijk15,393,Stack,117663,58831,117663,117667,TRUE
GrupoK,ijk16,0,Data,112231,56115,56115,56115,FALSE
GrupoK,ijk16,1,Data,112231,56115,56115,56119,FALSE
GrupoK,ijk16,109,Stack,112231,56115,112231,112231,TRUE
GrupoK,ijk17,0,Data,116971,58485,58485,58485,FALSE
GrupoK,ijk17,1,Data,116971,58485,58485,58489,FALSE
GrupoK,ijk17,109,Stack,116971,58485,116971,116971,TRUE
GrupoK,ijk18,1,Data,120122,60061,60061,60061,FALSE
GrupoK,ijk18,2,Data,120122,60061,60061,60065,FALSE
GrupoK,ijk18,109,Stack,120122,60061,120122,120122,TRUE
GrupoK,ijk19,1,Data,100736,50368,50368,50368,FALSE
GrupoK,ijk19,4,Stack,100736,50368,100736,100740,TRUE
GrupoK,ijk19,109,Stack,100736,50368,100736,100736,TRUE
GrupoK,ijk20,1,Data,120548,60274,60274,60274,FALSE
GrupoK,ijk20,5,Stack,120548,60274,120548,120552,TRUE
GrupoK,ijk20,109,Stack,120548,60274,120548,120548,TRUE
GrupoK,ijk21,0,Data,106460,53230,53230,53230,FALSE
GrupoK,ijk21,5,Stack,106460,53230,106460,106468,TRUE
GrupoK,ijk21,108,Stack,106460,53230,106460,106464,TRUE
GrupoK,ijk21,109,Stack,106460,53230,106460,106460,TRUE
GrupoK,ijk22,1,Data,103609,51804,51804,51804,FALSE
GrupoK,ijk22,6,Stack,103609,51804,103609,103617,TRUE
GrupoK,ijk22,108,Stack,103609,51804,103609,103613,TRUE
GrupoK,ijk22,109,Stack,103609,51804,103609,103609,TRUE
GrupoK,ijk23,0,Data,115218,57609,57609,57609,FALSE
GrupoK,ijk23,5,Stack,115218,57609,115218,115226,TRUE
GrupoK,ijk23,109,Stack,115218,57609,115218,115218,TRUE
GrupoK,ijk24,1,Data,111091,55545,55545,55545,FALSE
GrupoK,ijk24,1,Stack,111091,55545,111091,111091,TRUE
GrupoK,ijk24,6,Stack,111091,55545,111091,111099,TRUE
GrupoL,abc00,98,Stack,123268,61634,123268,123276,TRUE
GrupoL,abc00,456,Stack,123268,61634,123268,123272,TRUE
GrupoL,abc01,-3,Stack,119385,59692,119385,119385,TRUE
GrupoL,abc01,432,Stack,119385,59692,119385,119389,TRUE
GrupoL,abc02,123,Stack,111359,55679,111359,111367,TRUE
GrupoL,abc02,357,Stack,111359,55679,111359,111363,TRUE
GrupoL,abc03,1,Stack,101817,50908,101817,101817,TRUE
GrupoL,abc03,393,Stack,101817,50908,101817,101821,TRUE
GrupoL,abc04,5,Stack,105541,52770,105541,105541,TRUE
GrupoL,abc04,615,Stack,105541,52770,105541,105549,TRUE
GrupoL,abc06,0,Stack,128587,64293,128587,128587,TRUE
GrupoL,abc06,1,Stack,128587,64293,128587,128591,TRUE
GrupoL,abc06,2,Stack,128587,64293,128587,128595,TRUE
GrupoL,abc06,3,Stack,128587,64293,128587,128599,TRUE
GrupoL,abc06,290,Stack,128587,64293,128587,128603,TRUE
GrupoL,abc07,0,Stack,104426,52213,104426,104430,TRUE
GrupoL,abc07,1,Stack,104426,52213,104426,104426,TRUE
GrupoL,abc07,2,Stack,104426,52213,104426,104434,TRUE
GrupoL,abc07,3,Stack,104426,52213,104426,104438,TRUE
GrupoL,abc07,322,Stack,104426,52213,104426,104442,TRUE
GrupoL,ijk00,456,Stack,112968,56484,112968,112972,TRUE
GrupoL,ijk00,923,Data,112968,56484,56484,56484,FALSE
GrupoL,ijk00,1379,Stack,112968,56484,112968,112968,TRUE
GrupoL,ijk01,456,Stack,112124,56062,112124,112132,TRUE
GrupoL,ijk01,923,Data,112124,56062,56062,56062,FALSE
GrupoL,ijk01,1379,Stack,112124,56062,112124,112136,TRUE
GrupoL,ijk02,456,Data,129626,64813,64813,64817,FALSE
GrupoL,ijk02,923,Data,129626,64813,64813,64821,FALSE
GrupoL,ijk02,1379,Data,129626,64813,64813,64813,FALSE
GrupoL,ijk03,456,Data,104101,52050,52050,52054,FALSE
GrupoL,ijk03,923,Data,104101,52050,52050,52062,FALSE
GrupoL,ijk03,1379,Data,104101,52050,52050,52058,FALSE
GrupoL,ijk04,30,Stack,127039,63519,127039,127039,TRUE
GrupoL,ijk04,46,Stack,127039,63519,127039,127043,TRUE
GrupoL,ijk04,76,Stack,127039,63519,127039,127047,TRUE
GrupoL,ijk05,-18,Stack,120441,60220,120441,120445,TRUE
GrupoL,ijk05,-2,Stack,120441,60220,120441,120441,TRUE
GrupoL,ijk05,16,Stack,120441,60220,120441,120449,TRUE
GrupoL,ijk06,5,Stack,114405,57202,114405,114409,TRUE
GrupoL,ijk06,12,Stack,114405,57202,114405,114413,TRUE
GrupoL,ijk06,25,Stack,114405,57202,114405,114405,TRUE
GrupoL,ijk07,45,Stack,118254,59127,118254,118254,TRUE
GrupoL,ijk07,135,Stack,118254,59127,118254,118258,TRUE
GrupoL,ijk07,6075,Stack,118254,59127,118254,118262,TRUE
GrupoL,ijk08,3,Stack,126311,63155,126311,126319,TRUE
GrupoL,ijk08,15,Stack,126311,63155,126311,126315,TRUE
GrupoL,ijk08,55,Stack,126311,63155,126311,126311,TRUE
GrupoL,ijk09,3,Stack,108001,54000,108001,108009,TRUE
GrupoL,ijk09,15,Stack,108001,54000,108001,108005,TRUE
GrupoL,ijk09,46,Stack,108001,54000,108001,108001,TRUE
GrupoL,ijk10,2,Stack,103627,51813,103627,103635,TRUE
GrupoL,ijk10,300,Stack,103627,51813,103627,103627,TRUE
GrupoL,ijk10,400,Stack,103627,51813,103627,103631,TRUE
GrupoL,ijk11,2,Stack,113566,56783,113566,113574,TRUE
GrupoL,ijk11,400,Stack,113566,56783,113566,113570,TRUE
GrupoL,ijk11,800,Stack,113566,56783,113566,113566,TRUE
GrupoL,ijk12,20,Stack,118785,59392,118785,118785,TRUE
GrupoL,ijk13,2,Stack,131100,65550,131100,131100,TRUE
GrupoL,ijk14,393,Data,120030,60015,60015,60015,FALSE
GrupoL,ijk14,394,Stack,120030,60015,120030,120030,TRUE
GrupoL,ijk15,-393,Stack,112239,56119,112239,112239,TRUE
GrupoL,ijk15,393,Stack,112239,56119,112239,112243,TRUE
GrupoL,ijk16,0,Data,105987,52993,52993,52993,FALSE
GrupoL,ijk16,1,Data,105987,52993,52993,52997,FALSE
GrupoL,ijk16,109,Stack,105987,52993,105987,105987,TRUE
GrupoL,ijk17,0,Data,131003,65501,65501,65501,FALSE
GrupoL,ijk17,1,Data,131003,65501,65501,65505,FALSE
GrupoL,ijk17,109,Stack,131003,65501,131003,131003,TRUE
GrupoL,ijk18,1,Data,123612,61806,61806,61806,FALSE
GrupoL,ijk18,2,Data,123612,61806,61806,61810,FALSE
GrupoL,ijk18,109,Stack,123612,61806,123612,123612,TRUE
GrupoL,ijk19,1,Data,117186,58593,58593,58593,FALSE
GrupoL,ijk19,4,Stack,117186,58593,117186,117190,TRUE
GrupoL,ijk19,109,Stack,117186,58593,117186,117186,TRUE
GrupoL,ijk20,1,Data,104137,52068,52068,52068,FALSE
GrupoL,ijk20,5,Stack,104137,52068,104137,104141,TRUE
GrupoL,ijk20,109,Stack,104137,52068,104137,104137,TRUE
GrupoL,ijk21,0,Data,130662,65331,65331,65331,FALSE
GrupoL,ijk21,5,Stack,130662,65331,130662,130670,TRUE
GrupoL,ijk21,108,Stack,130662,65331,130662,130666,TRUE
GrupoL,ijk21,109,Stack,130662,65331,130662,130662,TRUE
GrupoL,ijk22,1,Data,101981,50990,50990,50990,FALSE
GrupoL,ijk22,6,Stack,101981,50990,101981,101989,TRUE
GrupoL,ijk22,108,Stack,101981,50990,101981,101985,TRUE
GrupoL,ijk22,109,Stack,101981,50990,101981,101981,TRUE
GrupoL,ijk23,0,Data,108902,54451,54451,54451,FALSE
GrupoL,ijk23,5,Stack,108902,54451,108902,108910,TRUE
GrupoL,ijk23,109,Stack,108902,54451,108902,108902,TRUE
GrupoL,ijk24,1,Data,107236,53618,53618,53618,FALSE
GrupoL,ijk24,1,Stack,107236,53618,107236,107236,TRUE
GrupoL,ijk24,6,Stack,107236,53618,107236,107244,TRUE
GrupoO,abc00,98,Stack,101938,50969,101938,NA,NA
GrupoO,abc00,456,Stack,101938,50969,101938,NA,NA
GrupoO,abc01,-3,Stack,125645,62822,125645,NA,NA
GrupoO,abc01,432,Stack,125645,62822,125645,NA,NA
GrupoO,abc02,123,Stack,123127,61563,123127,NA,NA
GrupoO,abc02,357,Stack,123127,61563,123127,NA,NA
GrupoO,abc03,1,Stack,126057,63028,126057,NA,NA
GrupoO,abc03,393,Stack,126057,63028,126057,NA,NA
GrupoO,abc04,5,Stack,105804,52902,105804,NA,NA
GrupoO,abc04,615,Stack,105804,52902,105804,NA,NA
GrupoO,abc06,0,Stack,108109,54054,108109,NA,NA
GrupoO,abc06,1,Stack,108109,54054,108109,NA,NA
GrupoO,abc06,2,Stack,108109,54054,108109,NA,NA
GrupoO,abc06,3,Stack,108109,54054,108109,NA,NA
GrupoO,abc06,290,Stack,108109,54054,108109,NA,NA
GrupoO,abc07,0,Stack,108032,54016,108032,NA,NA
GrupoO,abc07,1,Stack,108032,54016,108032,NA,NA
GrupoO,abc07,2,Stack,108032,54016,108032,NA,NA
GrupoO,abc07,3,Stack,108032,54016,108032,NA,NA
GrupoO,abc07,322,Stack,108032,54016,108032,NA,NA
GrupoO,ijk00,456,Stack,104072,52036,104072,NA,NA
GrupoO,ijk00,923,Data,104072,52036,52036,NA,NA
GrupoO,ijk00,1379,Stack,104072,52036,104072,NA,NA
GrupoO,ijk01,456,Stack,114250,57125,114250,NA,NA
GrupoO,ijk01,923,Data,114250,57125,57125,NA,NA
GrupoO,ijk01,1379,Stack,114250,57125,114250,NA,NA
GrupoO,ijk02,456,Data,126046,63023,63023,NA,NA
GrupoO,ijk02,923,Data,126046,63023,63023,NA,NA
GrupoO,ijk02,1379,Data,126046,63023,63023,NA,NA
GrupoO,ijk03,456,Data,102264,51132,51132,NA,NA
GrupoO,ijk03,923,Data,102264,51132,51132,NA,NA
GrupoO,ijk03,1379,Data,102264,51132,51132,NA,NA
GrupoO,ijk04,30,Stack,128401,64200,128401,NA,NA
GrupoO,ijk04,46,Stack,128401,64200,128401,NA,NA
GrupoO,ijk04,76,Stack,128401,64200,128401,NA,NA
GrupoO,ijk05,-18,Stack,109822,54911,109822,NA,NA
GrupoO,ijk05,-2,Stack,109822,54911,109822,NA,NA
GrupoO,ijk05,16,Stack,109822,54911,109822,NA,NA
GrupoO,ijk06,5,Stack,103547,51773,103547,NA,NA
GrupoO,ijk06,12,Stack,103547,51773,103547,NA,NA
GrupoO,ijk06,25,Stack,103547,51773,103547,NA,NA
GrupoO,ijk07,45,Stack,118518,59259,118518,NA,NA
GrupoO,ijk07,135,Stack,118518,59259,118518,NA,NA
GrupoO,ijk07,6075,Stack,118518,59259,118518,NA,NA
GrupoO,ijk08,3,Stack,110339,55169,110339,NA,NA
GrupoO,ijk08,15,Stack,110339,55169,110339,NA,NA
GrupoO,ijk08,55,Stack,110339,55169,110339,NA,NA
GrupoO,ijk09,3,Stack,128760,64380,128760,NA,NA
GrupoO,ijk09,15,Stack,128760,64380,128760,NA,NA
GrupoO,ijk09,46,Stack,128760,64380,128760,NA,NA
GrupoO,ijk10,2,Stack,107885,53942,107885,NA,NA
GrupoO,ijk10,300,Stack,107885,53942,107885,NA,NA
GrupoO,ijk10,400,Stack,107885,53942,107885,NA,NA
GrupoO,ijk11,2,Stack,113505,56752,113505,NA,NA
GrupoO,ijk11,400,Stack,113505,56752,113505,NA,NA
GrupoO,ijk11,800,Stack,113505,56752,113505,NA,NA
GrupoO,ijk12,20,Stack,116238,58119,116238,NA,NA
GrupoO,ijk13,2,Stack,100692,50346,100692,NA,NA
GrupoO,ijk14,393,Data,120394,60197,60197,NA,NA
GrupoO,ijk14,394,Stack,120394,60197,120394,NA,NA
GrupoO,ijk15,-393,Stack,105963,52981,105963,NA,NA
GrupoO,ijk15,393,Stack,105963,52981,105963,NA,NA
GrupoO,ijk16,0,Data,121088,60544,60544,NA,NA
GrupoO,ijk16,1,Data,121088,60544,60544,NA,NA
GrupoO,ijk16,109,Stack,121088,60544,121088,NA,NA
GrupoO,ijk17,0,Data,105533,52766,52766,NA,NA
GrupoO,ijk17,1,Data,105533,52766,52766,NA,NA
GrupoO,ijk17,109,Stack,105533,52766,105533,NA,NA
GrupoO,ijk18,1,Data,125525,62762,62762,NA,NA
GrupoO,ijk18,2,Data,125525,62762,62762,NA,NA
GrupoO,ijk18,109,Stack,125525,62762,125525,NA,NA
GrupoO,ijk19,1,Data,109802,54901,54901,NA,NA
GrupoO,ijk19,4,Stack,109802,54901,109802,NA,NA
GrupoO,ijk19,109,Stack,109802,54901,109802,NA,NA
GrupoO,ijk20,1,Data,118997,59498,59498,NA,NA
GrupoO,ijk20,5,Stack,118997,59498,118997,NA,NA
GrupoO,ijk20,109,Stack,118997,59498,118997,NA,NA
GrupoO,ijk21,0,Data,104875,52437,52437,NA,NA
GrupoO,ijk21,5,Stack,104875,52437,104875,NA,NA
GrupoO,ijk21,108,Stack,104875,52437,104875,NA,NA
GrupoO,ijk21,109,Stack,104875,52437,104875,NA,NA
GrupoO,ijk22,1,Data,118810,59405,59405,NA,NA
GrupoO,ijk22,6,Stack,118810,59405,118810,NA,NA
GrupoO,ijk22,108,Stack,118810,59405,118810,NA,NA
GrupoO,ijk22,109,Stack,118810,59405,118810,NA,NA
GrupoO,ijk23,0,Data,117104,58552,58552,NA,NA
GrupoO,ijk23,5,Stack,117104,58552,117104,NA,NA
GrupoO,ijk23,109,Stack,117104,58552,117104,NA,NA
GrupoO,ijk24,1,Data,102584,51292,51292,NA,NA
GrupoO,ijk24,1,Stack,102584,51292,102584,NA,NA
GrupoO,ijk24,6,Stack,102584,51292,102584,NA,NA
GrupoS,abc00,98,Stack,118141,59070,118141,118149,TRUE
GrupoS,abc00,456,Stack,118141,59070,118141,118145,TRUE
GrupoS,abc01,-3,Stack,108268,54134,108268,108268,TRUE
GrupoS,abc01,432,Stack,108268,54134,108268,108272,TRUE
GrupoS,abc02,123,Stack,111237,55618,111237,111245,TRUE
GrupoS,abc02,357,Stack,111237,55618,111237,111241,TRUE
GrupoS,abc03,1,Stack,120051,60025,120051,120051,TRUE
GrupoS,abc03,393,Stack,120051,60025,120051,120055,TRUE
GrupoS,abc04,5,Stack,102505,51252,102505,102505,TRUE
GrupoS,abc04,615,Stack,102505,51252,102505,102513,TRUE
GrupoS,abc06,0,Stack,123486,61743,123486,123486,TRUE
GrupoS,abc06,1,Stack,123486,61743,123486,123490,TRUE
GrupoS,abc06,2,Stack,123486,61743,123486,123494,TRUE
GrupoS,abc06,3,Stack,123486,61743,123486,123498,TRUE
GrupoS,abc06,290,Stack,123486,61743,123486,123502,TRUE
GrupoS,abc07,0,Stack,106217,53108,106217,106221,TRUE
GrupoS,abc07,1,Stack,106217,53108,106217,106217,TRUE
GrupoS,abc07,2,Stack,106217,53108,106217,106225,TRUE
GrupoS,abc07,3,Stack,106217,53108,106217,106229,TRUE
GrupoS,abc07,322,Stack,106217,53108,106217,106233,TRUE
GrupoS,ijk00,456,Stack,112573,56286,112573,112577,TRUE
GrupoS,ijk00,923,Data,112573,56286,56286,56286,FALSE
GrupoS,ijk00,1379,Stack,112573,56286,112573,112573,TRUE
GrupoS,ijk01,456,Stack,103604,51802,103604,103612,TRUE
GrupoS,ijk01,923,Data,103604,51802,51802,51802,FALSE
GrupoS,ijk01,1379,Stack,103604,51802,103604,103616,TRUE
GrupoS,ijk02,456,Data,103461,51730,51730,51734,FALSE
GrupoS,ijk02,923,Data,103461,51730,51730,51738,FALSE
GrupoS,ijk02,1379,Data,103461,51730,51730,51730,FALSE
GrupoS,ijk03,456,Data,104529,52264,52264,52268,FALSE
GrupoS,ijk03,923,Data,104529,52264,52264,52276,FALSE
GrupoS,ijk03,1379,Data,104529,52264,52264,52272,FALSE
GrupoS,ijk04,30,Stack,110817,55408,110817,110817,TRUE
GrupoS,ijk04,46,Stack,110817,55408,110817,110821,TRUE
GrupoS,ijk04,76,Stack,110817,55408,110817,110825,TRUE
GrupoS,ijk05,-18,Stack,116826,58413,116826,116830,TRUE
GrupoS,ijk05,-2,Stack,116826,58413,116826,116826,TRUE
GrupoS,ijk05,16,Stack,116826,58413,116826,116834,TRUE
GrupoS,ijk06,5,Stack,126910,63455,126910,126914,TRUE
GrupoS,ijk06,12,Stack,126910,63455,126910,126918,TRUE
GrupoS,ijk06,25,Stack,126910,63455,126910,126910,TRUE
GrupoS,ijk07,45,Stack,103765,51882,103765,103765,TRUE
GrupoS,ijk07,135,Stack,103765,51882,103765,103769,TRUE
GrupoS,ijk07,6075,Stack,103765,51882,103765,103773,TRUE
GrupoS,ijk08,3,Stack,115006,57503,115006,115014,TRUE
GrupoS,ijk08,15,Stack,115006,57503,115006,115010,TRUE
GrupoS,ijk08,55,Stack,115006,57503,115006,115006,TRUE
GrupoS,ijk09,3,Stack,132584,66292,132584,132592,TRUE
GrupoS,ijk09,15,Stack,132584,66292,132584,132588,TRUE
GrupoS,ijk09,46,Stack,132584,66292,132584,132584,TRUE
GrupoS,ijk10,2,Stack,112921,56460,112921,112929,TRUE
GrupoS,ijk10,300,Stack,112921,56460,112921,112921,TRUE
GrupoS,ijk10,400,Stack,112921,56460,112921,112925,TRUE
GrupoS,ijk11,2,Stack,121898,60949,121898,121906,TRUE
GrupoS,ijk11,400,Stack,121898,60949,121898,121902,TRUE
GrupoS,ijk11,800,Stack,121898,60949,121898,121898,TRUE
GrupoS,ijk12,20,Stack,113409,56704,113409,113409,TRUE
GrupoS,ijk13,2,Stack,100473,50236,100473,100473,TRUE
GrupoS,ijk14,393,Data,105021,52510,52510,52510,FALSE
GrupoS,ijk14,394,Stack,105021,52510,105021,105021,TRUE
GrupoS,ijk15,-393,Stack,117878,58939,117878,117878,TRUE
GrupoS,ijk15,393,Stack,117878,58939,117878,117882,TRUE
GrupoS,ijk16,0,Data,105106,52553,52553,52553,FALSE
GrupoS,ijk16,1,Data,105106,52553,52553,52557,FALSE
GrupoS,ijk16,109,Stack,105106,52553,105106,105106,TRUE
GrupoS,ijk17,0,Data,127314,63657,63657,63657,FALSE
GrupoS,ijk17,1,Data,127314,63657,63657,63661,FALSE
GrupoS,ijk17,109,Stack,127314,63657,127314,127314,TRUE
GrupoS,ijk18,1,Data,123012,61506,61506,61506,FALSE
GrupoS,ijk18,2,Data,123012,61506,61506,61510,FALSE
GrupoS,ijk18,109,Stack,123012,61506,123012,123012,TRUE
GrupoS,ijk19,1,Data,101114,50557,50557,50557,FALSE
GrupoS,ijk19,4,Stack,101114,50557,101114,101118,TRUE
GrupoS,ijk19,109,Stack,101114,50557,101114,101114,TRUE
GrupoS,ijk20,1,Data,101492,50746,50746,50746,FALSE
GrupoS,ijk20,5,Stack,101492,50746,101492,101496,TRUE
GrupoS,ijk20,109,Stack,101492,50746,101492,101492,TRUE
GrupoS,ijk21,0,Data,130443,65221,65221,65221,FALSE
GrupoS,ijk21,5,Stack,130443,65221,130443,130451,TRUE
GrupoS,ijk21,108,Stack,130443,65221,130443,130447,TRUE
GrupoS,ijk21,109,Stack,130443,65221,130443,130443,TRUE
GrupoS,ijk22,1,Data,115684,57842,57842,57842,FALSE
GrupoS,ijk22,6,Stack,115684,57842,115684,115692,TRUE
GrupoS,ijk22,108,Stack,115684,57842,115684,115688,TRUE
GrupoS,ijk22,109,Stack,115684,57842,115684,115684,TRUE
GrupoS,ijk23,0,Data,104211,52105,52105,52105,FALSE
GrupoS,ijk23,5,Stack,104211,52105,104211,104219,TRUE
GrupoS,ijk23,109,Stack,104211,52105,104211,104211,TRUE
GrupoS,ijk24,1,Data,122298,61149,61149,61149,FALSE
GrupoS,ijk24,1,Stack,122298,61149,122298,122298,TRUE
GrupoS,ijk24,6,Stack,122298,61149,122298,122306,TRUE
GrupoT,abc00,98,Stack,118731,59365,118731,NA,NA
GrupoT,abc00,456,Stack,118731,59365,118731,NA,NA
GrupoT,abc01,-3,Stack,113341,56670,113341,NA,NA
GrupoT,abc01,432,Stack,113341,56670,113341,NA,NA
GrupoT,abc02,123,Stack,121789,60894,121789,NA,NA
GrupoT,abc02,357,Stack,121789,60894,121789,NA,NA
GrupoT,abc03,1,Stack,127814,63907,127814,NA,NA
GrupoT,abc03,393,Stack,127814,63907,127814,NA,NA
GrupoT,abc04,5,Stack,120076,60038,120076,NA,NA
GrupoT,abc04,615,Stack,120076,60038,120076,NA,NA
GrupoT,abc06,0,Stack,131398,65699,131398,NA,NA
GrupoT,abc06,1,Stack,131398,65699,131398,NA,NA
GrupoT,abc06,2,Stack,131398,65699,131398,NA,NA
GrupoT,abc06,3,Stack,131398,65699,131398,NA,NA
GrupoT,abc06,290,Stack,131398,65699,131398,NA,NA
GrupoT,abc07,0,Stack,118310,59155,118310,NA,NA
GrupoT,abc07,1,Stack,118310,59155,118310,NA,NA
GrupoT,abc07,2,Stack,118310,59155,118310,NA,NA
GrupoT,abc07,3,Stack,118310,59155,118310,NA,NA
GrupoT,abc07,322,Stack,118310,59155,118310,NA,NA
GrupoT,ijk00,456,Stack,119293,59646,119293,NA,NA
GrupoT,ijk00,923,Data,119293,59646,59646,NA,NA
GrupoT,ijk00,1379,Stack,119293,59646,119293,NA,NA
GrupoT,ijk01,456,Stack,107138,53569,107138,NA,NA
GrupoT,ijk01,923,Data,107138,53569,53569,NA,NA
GrupoT,ijk01,1379,Stack,107138,53569,107138,NA,NA
GrupoT,ijk02,456,Data,101490,50745,50745,NA,NA
GrupoT,ijk02,923,Data,101490,50745,50745,NA,NA
GrupoT,ijk02,1379,Data,101490,50745,50745,NA,NA
GrupoT,ijk03,456,Data,101771,50885,50885,NA,NA
GrupoT,ijk03,923,Data,101771,50885,50885,NA,NA
GrupoT,ijk03,1379,Data,101771,50885,50885,NA,NA
GrupoT,ijk04,30,Stack,126036,63018,126036,NA,NA
GrupoT,ijk04,46,Stack,126036,63018,126036,NA,NA
GrupoT,ijk04,76,Stack,126036,63018,126036,NA,NA
GrupoT,ijk05,-18,Stack,109818,54909,109818,NA,NA
GrupoT,ijk05,-2,Stack,109818,54909,109818,NA,NA
GrupoT,ijk05,16,Stack,109818,54909,109818,NA,NA
GrupoT,ijk06,5,Stack,118898,59449,118898,NA,NA
GrupoT,ijk06,12,Stack,118898,59449,118898,NA,NA
GrupoT,ijk06,25,Stack,118898,59449,118898,NA,NA
GrupoT,ijk07,45,Stack,111525,55762,111525,NA,NA
GrupoT,ijk07,135,Stack,111525,55762,111525,NA,NA
GrupoT,ijk07,6075,Stack,111525,55762,111525,NA,NA
GrupoT,ijk08,3,Stack,130618,65309,130618,NA,NA
GrupoT,ijk08,15,Stack,130618,65309,130618,NA,NA
GrupoT,ijk08,55,Stack,130618,65309,130618,NA,NA
GrupoT,ijk09,3,Stack,115467,57733,115467,NA,NA
GrupoT,ijk09,15,Stack,115467,57733,115467,NA,NA
GrupoT,ijk09,46,Stack,115467,57733,115467,NA,NA
GrupoT,ijk10,2,Stack,107861,53930,107861,NA,NA
GrupoT,ijk10,300,Stack,107861,53930,107861,NA,NA
GrupoT,ijk10,400,Stack,107861,53930,107861,NA,NA
GrupoT,ijk11,2,Stack,122317,61158,122317,NA,NA
GrupoT,ijk11,400,Stack,122317,61158,122317,NA,NA
GrupoT,ijk11,800,Stack,122317,61158,122317,NA,NA
GrupoT,ijk12,20,Stack,108907,54453,108907,NA,NA
GrupoT,ijk13,2,Stack,121708,60854,121708,NA,NA
GrupoT,ijk14,393,Data,109742,54871,54871,NA,NA
GrupoT,ijk14,394,Stack,109742,54871,109742,NA,NA
GrupoT,ijk15,-393,Stack,122003,61001,122003,NA,NA
GrupoT,ijk15,393,Stack,122003,61001,122003,NA,NA
GrupoT,ijk16,0,Data,120321,60160,60160,NA,NA
GrupoT,ijk16,1,Data,120321,60160,60160,NA,NA
GrupoT,ijk16,109,Stack,120321,60160,120321,NA,NA
GrupoT,ijk17,0,Data,130795,65397,65397,NA,NA
GrupoT,ijk17,1,Data,130795,65397,65397,NA,NA
GrupoT,ijk17,109,Stack,130795,65397,130795,NA,NA
GrupoT,ijk18,1,Data,113144,56572,56572,NA,NA
GrupoT,ijk18,2,Data,113144,56572,56572,NA,NA
GrupoT,ijk18,109,Stack,113144,56572,113144,NA,NA
GrupoT,ijk19,1,Data,117841,58920,58920,NA,NA
GrupoT,ijk19,4,Stack,117841,58920,117841,NA,NA
GrupoT,ijk19,109,Stack,117841,58920,117841,NA,NA
GrupoT,ijk20,1,Data,125813,62906,62906,NA,NA
GrupoT,ijk20,5,Stack,125813,62906,125813,NA,NA
GrupoT,ijk20,109,Stack,125813,62906,125813,NA,NA
GrupoT,ijk21,0,Data,128220,64110,64110,NA,NA
GrupoT,ijk21,5,Stack,128220,64110,128220,NA,NA
GrupoT,ijk21,108,Stack,128220,64110,128220,NA,NA
GrupoT,ijk21,109,Stack,128220,64110,128220,NA,NA
GrupoT,ijk22,1,Data,128498,64249,64249,NA,NA
GrupoT,ijk22,6,Stack,128498,64249,128498,NA,NA
GrupoT,ijk22,108,Stack,128498,64249,128498,NA,NA
GrupoT,ijk22,109,Stack,128498,64249,128498,NA,NA
GrupoT,ijk23,0,Data,109604,54802,54802,NA,NA
GrupoT,ijk23,5,Stack,109604,54802,109604,NA,NA
GrupoT,ijk23,109,Stack,109604,54802,109604,NA,NA
GrupoT,ijk24,1,Data,102024,51012,51012,NA,NA
GrupoT,ijk24,1,Stack,102024,51012,102024,NA,NA
GrupoT,ijk24,6,Stack,102024,51012,102024,NA,NA
GrupoV,abc00,98,Stack,132317,66158,132317,132325,TRUE
GrupoV,abc00,456,Stack,132317,66158,132317,132321,TRUE
GrupoV,abc01,-3,Stack,102013,51006,102013,NA,NA
GrupoV,abc01,432,Stack,102013,51006,102013,102017,TRUE
GrupoV,abc02,123,Stack,109380,54690,109380,109388,TRUE
GrupoV,abc02,357,Stack,109380,54690,109380,109384,TRUE
GrupoV,abc03,1,Stack,125711,62855,125711,NA,NA
GrupoV,abc03,393,Stack,125711,62855,125711,125715,TRUE
GrupoV,abc04,5,Stack,123237,61618,123237,NA,NA
GrupoV,abc04,615,Stack,123237,61618,123237,123245,TRUE
GrupoV,abc06,0,Stack,105250,52625,105250,105250,TRUE
GrupoV,abc06,1,Stack,105250,52625,105250,105254,TRUE
GrupoV,abc06,2,Stack,105250,52625,105250,105258,TRUE
GrupoV,abc06,3,Stack,105250,52625,105250,105262,TRUE
GrupoV,abc06,290,Stack,105250,52625,105250,105266,TRUE
GrupoV,abc07,0,Stack,113154,56577,113154,113154,TRUE
GrupoV,abc07,1,Stack,113154,56577,113154,NA,NA
GrupoV,abc07,2,Stack,113154,56577,113154,113162,TRUE
GrupoV,abc07,3,Stack,113154,56577,113154,113166,TRUE
GrupoV,abc07,322,Stack,113154,56577,113154,113170,TRUE
GrupoV,ijk00,456,Stack,132328,66164,132328,132332,TRUE
GrupoV,ijk00,923,Data,132328,66164,66164,66164,FALSE
GrupoV,ijk00,1379,Stack,132328,66164,132328,NA,NA
GrupoV,ijk01,456,Stack,109873,54936,109873,109881,TRUE
GrupoV,ijk01,923,Data,109873,54936,54936,54936,FALSE
GrupoV,ijk01,1379,Stack,109873,54936,109873,109885,TRUE
GrupoV,ijk02,456,Data,117297,58648,58648,58652,FALSE
GrupoV,ijk02,923,Data,117297,58648,58648,58656,FALSE
GrupoV,ijk02,1379,Data,117297,58648,58648,58648,FALSE
GrupoV,ijk03,456,Data,110471,55235,55235,55239,FALSE
GrupoV,ijk03,923,Data,110471,55235,55235,55247,FALSE
GrupoV,ijk03,1379,Data,110471,55235,55235,55243,FALSE
GrupoV,ijk04,30,Stack,101834,50917,101834,NA,NA
GrupoV,ijk04,46,Stack,101834,50917,101834,101838,TRUE
GrupoV,ijk04,76,Stack,101834,50917,101834,101842,TRUE
GrupoV,ijk05,-18,Stack,102264,51132,102264,102268,TRUE
GrupoV,ijk05,-2,Stack,102264,51132,102264,NA,NA
GrupoV,ijk05,16,Stack,102264,51132,102264,102272,TRUE
GrupoV,ijk06,5,Stack,122760,61380,122760,122764,TRUE
GrupoV,ijk06,12,Stack,122760,61380,122760,122768,TRUE
GrupoV,ijk06,25,Stack,122760,61380,122760,NA,NA
GrupoV,ijk07,45,Stack,124757,62378,124757,NA,NA
GrupoV,ijk07,135,Stack,124757,62378,124757,124761,TRUE
GrupoV,ijk07,6075,Stack,124757,62378,124757,124765,TRUE
GrupoV,ijk08,3,Stack,125220,62610,125220,125228,TRUE
GrupoV,ijk08,15,Stack,125220,62610,125220,125224,TRUE
GrupoV,ijk08,55,Stack,125220,62610,125220,NA,NA
GrupoV,ijk09,3,Stack,106894,53447,106894,106902,TRUE
GrupoV,ijk09,15,Stack,106894,53447,106894,106898,TRUE
GrupoV,ijk09,46,Stack,106894,53447,106894,NA,NA
GrupoV,ijk10,2,Stack,110316,55158,110316,110324,TRUE
GrupoV,ijk10,300,Stack,110316,55158,110316,NA,NA
GrupoV,ijk10,400,Stack,110316,55158,110316,110320,TRUE
GrupoV,ijk11,2,Stack,119346,59673,119346,119354,TRUE
GrupoV,ijk11,400,Stack,119346,59673,119346,119350,TRUE
GrupoV,ijk11,800,Stack,119346,59673,119346,NA,NA
GrupoV,ijk12,20,Stack,103385,51692,103385,NA,NA
GrupoV,ijk13,2,Stack,119693,59846,119693,NA,NA
GrupoV,ijk14,393,Data,115260,57630,57630,57630,FALSE
GrupoV,ijk14,394,Stack,115260,57630,115260,NA,NA
GrupoV,ijk15,-393,Stack,113015,56507,113015,NA,NA
GrupoV,ijk15,393,Stack,113015,56507,113015,113019,TRUE
GrupoV,ijk16,0,Data,118939,59469,59469,NA,NA
GrupoV,ijk16,1,Data,118939,59469,59469,NA,NA
GrupoV,ijk16,109,Stack,118939,59469,118939,NA,NA
GrupoV,ijk17,0,Data,118042,59021,59021,59021,FALSE
GrupoV,ijk17,1,Data,118042,59021,59021,59025,FALSE
GrupoV,ijk17,109,Stack,118042,59021,118042,NA,NA
GrupoV,ijk18,1,Data,107930,53965,53965,53965,FALSE
GrupoV,ijk18,2,Data,107930,53965,53965,53969,FALSE
GrupoV,ijk18,109,Stack,107930,53965,107930,NA,NA
GrupoV,ijk19,1,Data,110136,55068,55068,55068,FALSE
GrupoV,ijk19,4,Stack,110136,55068,110136,110140,TRUE
GrupoV,ijk19,109,Stack,110136,55068,110136,NA,NA
GrupoV,ijk20,1,Data,132272,66136,66136,66136,FALSE
GrupoV,ijk20,5,Stack,132272,66136,132272,132276,TRUE
GrupoV,ijk20,109,Stack,132272,66136,132272,NA,NA
GrupoV,ijk21,0,Data,109972,54986,54986,54986,FALSE
GrupoV,ijk21,5,Stack,109972,54986,109972,109980,TRUE
GrupoV,ijk21,108,Stack,109972,54986,109972,109976,TRUE
GrupoV,ijk21,109,Stack,109972,54986,109972,NA,NA
GrupoV,ijk22,1,Data,110874,55437,55437,55437,FALSE
GrupoV,ijk22,6,Stack,110874,55437,110874,110882,TRUE
GrupoV,ijk22,108,Stack,110874,55437,110874,110878,TRUE
GrupoV,ijk22,109,Stack,110874,55437,110874,NA,NA
GrupoV,ijk23,0,Data,100446,50223,50223,50223,FALSE
GrupoV,ijk23,5,Stack,100446,50223,100446,100454,TRUE
GrupoV,ijk23,109,Stack,100446,50223,100446,NA,NA
GrupoV,ijk24,1,Data,103007,51503,51503,51503,FALSE
GrupoV,ijk24,1,Stack,103007,51503,103007,51503,FALSE
GrupoV,ijk24,6,Stack,103007,51503,103007,103015,TRUE
GrupoW,abc00,98,Stack,114157,57078,114157,NA,NA
GrupoW,abc00,456,Stack,114157,57078,114157,NA,NA
GrupoW,abc01,-3,Stack,119501,59750,119501,NA,NA
GrupoW,abc01,432,Stack,119501,59750,119501,NA,NA
GrupoW,abc02,123,Stack,132426,66213,132426,NA,NA
GrupoW,abc02,357,Stack,132426,66213,132426,NA,NA
GrupoW,abc03,1,Stack,126211,63105,126211,NA,NA
GrupoW,abc03,393,Stack,126211,63105,126211,NA,NA
GrupoW,abc04,5,Stack,123719,61859,123719,NA,NA
GrupoW,abc04,615,Stack,123719,61859,123719,NA,NA
GrupoW,abc06,0,Stack,114303,57151,114303,NA,NA
GrupoW,abc06,1,Stack,114303,57151,114303,NA,NA
GrupoW,abc06,2,Stack,114303,57151,114303,NA,NA
GrupoW,abc06,3,Stack,114303,57151,114303,NA,NA
GrupoW,abc06,290,Stack,114303,57151,114303,NA,NA
GrupoW,abc07,0,Stack,107910,53955,107910,NA,NA
GrupoW,abc07,1,Stack,107910,53955,107910,NA,NA
GrupoW,abc07,2,Stack,107910,53955,107910,NA,NA
GrupoW,abc07,3,Stack,107910,53955,107910,NA,NA
GrupoW,abc07,322,Stack,107910,53955,107910,NA,NA
GrupoW,ijk00,456,Stack,116290,58145,116290,NA,NA
GrupoW,ijk00,923,Data,116290,58145,58145,NA,NA
GrupoW,ijk00,1379,Stack,116290,58145,116290,NA,NA
GrupoW,ijk01,456,Stack,116893,58446,116893,NA,NA
GrupoW,ijk01,923,Data,116893,58446,58446,NA,NA
GrupoW,ijk01,1379,Stack,116893,58446,116893,NA,NA
GrupoW,ijk02,456,Data,112422,56211,56211,NA,NA
GrupoW,ijk02,923,Data,112422,56211,56211,NA,NA
GrupoW,ijk02,1379,Data,112422,56211,56211,NA,NA
GrupoW,ijk03,456,Data,120492,60246,60246,NA,NA
GrupoW,ijk03,923,Data,120492,60246,60246,NA,NA
GrupoW,ijk03,1379,Data,120492,60246,60246,NA,NA
GrupoW,ijk04,30,Stack,128766,64383,128766,NA,NA
GrupoW,ijk04,46,Stack,128766,64383,128766,NA,NA
GrupoW,ijk04,76,Stack,128766,64383,128766,NA,NA
GrupoW,ijk05,-18,Stack,117763,58881,117763,NA,NA
GrupoW,ijk05,-2,Stack,117763,58881,117763,NA,NA
GrupoW,ijk05,16,Stack,117763,58881,117763,NA,NA
GrupoW,ijk06,5,Stack,117570,58785,117570,NA,NA
GrupoW,ijk06,12,Stack,117570,58785,117570,NA,NA
GrupoW,ijk06,25,Stack,117570,58785,117570,NA,NA
GrupoW,ijk07,45,Stack,115337,57668,115337,NA,NA
GrupoW,ijk07,135,Stack,115337,57668,115337,NA,NA
GrupoW,ijk07,6075,Stack,115337,57668,115337,NA,NA
GrupoW,ijk08,3,Stack,109442,54721,109442,NA,NA
GrupoW,ijk08,15,Stack,109442,54721,109442,NA,NA
GrupoW,ijk08,55,Stack,109442,54721,109442,NA,NA
GrupoW,ijk09,3,Stack,125997,62998,125997,NA,NA
GrupoW,ijk09,15,Stack,125997,62998,125997,NA,NA
GrupoW,ijk09,46,Stack,125997,62998,125997,NA,NA
GrupoW,ijk10,2,Stack,119061,59530,119061,NA,NA
GrupoW,ijk10,300,Stack,119061,59530,119061,NA,NA
GrupoW,ijk10,400,Stack,119061,59530,119061,NA,NA
GrupoW,ijk11,2,Stack,128045,64022,128045,NA,NA
GrupoW,ijk11,400,Stack,128045,64022,128045,NA,NA
GrupoW,ijk11,800,Stack,128045,64022,128045,NA,NA
GrupoW,ijk12,20,Stack,123086,61543,123086,NA,NA
GrupoW,ijk13,2,Stack,118983,59491,118983,NA,NA
GrupoW,ijk14,393,Data,107102,53551,53551,NA,NA
GrupoW,ijk14,394,Stack,107102,53551,107102,NA,NA
GrupoW,ijk15,-393,Stack,114154,57077,114154,NA,NA
GrupoW,ijk15,393,Stack,114154,57077,114154,NA,NA
GrupoW,ijk16,0,Data,111196,55598,55598,NA,NA
GrupoW,ijk16,1,Data,111196,55598,55598,NA,NA
GrupoW,ijk16,109,Stack,111196,55598,111196,NA,NA
GrupoW,ijk17,0,Data,102738,51369,51369,NA,NA
GrupoW,ijk17,1,Data,102738,51369,51369,NA,NA
GrupoW,ijk17,109,Stack,102738,51369,102738,NA,NA
GrupoW,ijk18,1,Data,102199,51099,51099,NA,NA
GrupoW,ijk18,2,Data,102199,51099,51099,NA,NA
GrupoW,ijk18,109,Stack,102199,51099,102199,NA,NA
GrupoW,ijk19,1,Data,120316,60158,60158,NA,NA
GrupoW,ijk19,4,Stack,120316,60158,120316,NA,NA
GrupoW,ijk19,109,Stack,120316,60158,120316,NA,NA
GrupoW,ijk20,1,Data,120603,60301,60301,NA,NA
GrupoW,ijk20,5,Stack,120603,60301,120603,NA,NA
GrupoW,ijk20,109,Stack,120603,60301,120603,NA,NA
GrupoW,ijk21,0,Data,111216,55608,55608,NA,NA
GrupoW,ijk21,5,Stack,111216,55608,111216,NA,NA
GrupoW,ijk21,108,Stack,111216,55608,111216,NA,NA
GrupoW,ijk21,109,Stack,111216,55608,111216,NA,NA
GrupoW,ijk22,1,Data,118791,59395,59395,NA,NA
GrupoW,ijk22,6,Stack,118791,59395,118791,NA,NA
GrupoW,ijk22,108,Stack,118791,59395,118791,NA,NA
GrupoW,ijk22,109,Stack,118791,59395,118791,NA,NA
GrupoW,ijk23,0,Data,128184,64092,64092,NA,NA
GrupoW,ijk23,5,Stack,128184,64092,128184,NA,NA
GrupoW,ijk23,109,Stack,128184,64092,128184,NA,NA
GrupoW,ijk24,1,Data,126868,63434,63434,NA,NA
GrupoW,ijk24,1,Stack,126868,63434,126868,NA,NA
GrupoW,ijk24,6,Stack,126868,63434,126868,NA,NA
GrupoY,abc00,98,Stack,105750,52875,105750,NA,NA
GrupoY,abc00,456,Stack,105750,52875,105750,NA,NA
GrupoY,abc01,-3,Stack,114555,57277,114555,NA,NA
GrupoY,abc01,432,Stack,114555,57277,114555,NA,NA
GrupoY,abc02,123,Stack,121660,60830,121660,NA,NA
GrupoY,abc02,357,Stack,121660,60830,121660,NA,NA
GrupoY,abc03,1,Stack,112504,56252,112504,NA,NA
GrupoY,abc03,393,Stack,112504,56252,112504,NA,NA
GrupoY,abc04,5,Stack,102575,51287,102575,NA,NA
GrupoY,abc04,615,Stack,102575,51287,102575,NA,NA
GrupoY,abc06,0,Stack,120294,60147,120294,NA,NA
GrupoY,abc06,1,Stack,120294,60147,120294,NA,NA
GrupoY,abc06,2,Stack,120294,60147,120294,NA,NA
GrupoY,abc06,3,Stack,120294,60147,120294,NA,NA
GrupoY,abc06,290,Stack,120294,60147,120294,NA,NA
GrupoY,abc07,0,Stack,127517,63758,127517,NA,NA
GrupoY,abc07,1,Stack,127517,63758,127517,NA,NA
GrupoY,abc07,2,Stack,127517,63758,127517,NA,NA
GrupoY,abc07,3,Stack,127517,63758,127517,NA,NA
GrupoY,abc07,322,Stack,127517,63758,127517,NA,NA
GrupoY,ijk00,456,Stack,109501,54750,109501,NA,NA
GrupoY,ijk00,923,Data,109501,54750,54750,NA,NA
GrupoY,ijk00,1379,Stack,109501,54750,109501,NA,NA
GrupoY,ijk01,456,Stack,108293,54146,108293,NA,NA
GrupoY,ijk01,923,Data,108293,54146,54146,NA,NA
GrupoY,ijk01,1379,Stack,108293,54146,108293,NA,NA
GrupoY,ijk02,456,Data,109784,54892,54892,NA,NA
GrupoY,ijk02,923,Data,109784,54892,54892,NA,NA
GrupoY,ijk02,1379,Data,109784,54892,54892,NA,NA
GrupoY,ijk03,456,Data,129037,64518,64518,NA,NA
GrupoY,ijk03,923,Data,129037,64518,64518,NA,NA
GrupoY,ijk03,1379,Data,129037,64518,64518,NA,NA
GrupoY,ijk04,30,Stack,100946,50473,100946,NA,NA
GrupoY,ijk04,46,Stack,100946,50473,100946,NA,NA
GrupoY,ijk04,76,Stack,100946,50473,100946,NA,NA
GrupoY,ijk05,-18,Stack,100004,50002,100004,NA,NA
GrupoY,ijk05,-2,Stack,100004,50002,100004,NA,NA
GrupoY,ijk05,16,Stack,100004,50002,100004,NA,NA
GrupoY,ijk06,5,Stack,127652,63826,127652,NA,NA
GrupoY,ijk06,12,Stack,127652,63826,127652,NA,NA
GrupoY,ijk06,25,Stack,127652,63826,127652,NA,NA
GrupoY,ijk07,45,Stack,103010,51505,103010,NA,NA
GrupoY,ijk07,135,Stack,103010,51505,103010,NA,NA
GrupoY,ijk07,6075,Stack,103010,51505,103010,NA,NA
GrupoY,ijk08,3,Stack,123702,61851,123702,NA,NA
GrupoY,ijk08,15,Stack,123702,61851,123702,NA,NA
GrupoY,ijk08,55,Stack,123702,61851,123702,NA,NA
GrupoY,ijk09,3,Stack,124050,62025,124050,NA,NA
GrupoY,ijk09,15,Stack,124050,62025,124050,NA,NA
GrupoY,ijk09,46,Stack,124050,62025,124050,NA,NA
GrupoY,ijk10,2,Stack,121395,60697,121395,NA,NA
GrupoY,ijk10,300,Stack,121395,60697,121395,NA,NA
GrupoY,ijk10,400,Stack,121395,60697,121395,NA,NA
GrupoY,ijk11,2,Stack,108113,54056,108113,NA,NA
GrupoY,ijk11,400,Stack,108113,54056,108113,NA,NA
GrupoY,ijk11,800,Stack,108113,54056,108113,NA,NA
GrupoY,ijk12,20,Stack,124331,62165,124331,NA,NA
GrupoY,ijk13,2,Stack,116176,58088,116176,NA,NA
GrupoY,ijk14,393,Data,111039,55519,55519,NA,NA
GrupoY,ijk14,394,Stack,111039,55519,111039,NA,NA
GrupoY,ijk15,-393,Stack,132223,66111,132223,NA,NA
GrupoY,ijk15,393,Stack,132223,66111,132223,NA,NA
GrupoY,ijk16,0,Data,102513,51256,51256,NA,NA
GrupoY,ijk16,1,Data,102513,51256,51256,NA,NA
GrupoY,ijk16,109,Stack,102513,51256,102513,NA,NA
GrupoY,ijk17,0,Data,106207,53103,53103,NA,NA
GrupoY,ijk17,1,Data,106207,53103,53103,NA,NA
GrupoY,ijk17,109,Stack,106207,53103,106207,NA,NA
GrupoY,ijk18,1,Data,102987,51493,51493,NA,NA
GrupoY,ijk18,2,Data,102987,51493,51493,NA,NA
GrupoY,ijk18,109,Stack,102987,51493,102987,NA,NA
GrupoY,ijk19,1,Data,129970,64985,64985,NA,NA
GrupoY,ijk19,4,Stack,129970,64985,129970,NA,NA
GrupoY,ijk19,109,Stack,129970,64985,129970,NA,NA
GrupoY,ijk20,1,Data,132767,66383,66383,NA,NA
GrupoY,ijk20,5,Stack,132767,66383,132767,NA,NA
GrupoY,ijk20,109,Stack,132767,66383,132767,NA,NA
GrupoY,ijk21,0,Data,126021,63010,63010,NA,NA
GrupoY,ijk21,5,Stack,126021,63010,126021,NA,NA
GrupoY,ijk21,108,Stack,126021,63010,126021,NA,NA
GrupoY,ijk21,109,Stack,126021,63010,126021,NA,NA
GrupoY,ijk22,1,Data,109274,54637,54637,NA,NA
GrupoY,ijk22,6,Stack,109274,54637,109274,NA,NA
GrupoY,ijk22,108,Stack,109274,54637,109274,NA,NA
GrupoY,ijk22,109,Stack,109274,54637,109274,NA,NA
GrupoY,ijk23,0,Data,123163,61581,61581,NA,NA
GrupoY,ijk23,5,Stack,123163,61581,123163,NA,NA
GrupoY,ijk23,109,Stack,123163,61581,123163,NA,NA
GrupoY,ijk24,1,Data,113887,56943,56943,NA,NA
GrupoY,ijk24,1,Stack,113887,56943,113887,NA,NA
GrupoY,ijk24,6,Stack,113887,56943,113887,NA,NA
GrupoZ,abc00,98,Stack,111051,55525,111051,111059,TRUE
GrupoZ,abc00,456,Stack,111051,55525,111051,111055,TRUE
GrupoZ,abc01,-3,Stack,112658,56329,112658,112658,TRUE
GrupoZ,abc01,432,Stack,112658,56329,112658,112662,TRUE
GrupoZ,abc02,123,Stack,128584,64292,128584,128592,TRUE
GrupoZ,abc02,357,Stack,128584,64292,128584,128588,TRUE
GrupoZ,abc03,1,Stack,110209,55104,110209,110209,TRUE
GrupoZ,abc03,393,Stack,110209,55104,110209,110213,TRUE
GrupoZ,abc04,5,Stack,100510,50255,100510,100510,TRUE
GrupoZ,abc04,615,Stack,100510,50255,100510,100518,TRUE
GrupoZ,abc06,0,Stack,131499,65749,131499,131499,TRUE
GrupoZ,abc06,1,Stack,131499,65749,131499,131503,TRUE
GrupoZ,abc06,2,Stack,131499,65749,131499,131507,TRUE
GrupoZ,abc06,3,Stack,131499,65749,131499,131511,TRUE
GrupoZ,abc06,290,Stack,131499,65749,131499,131515,TRUE
GrupoZ,abc07,0,Stack,103924,51962,103924,103928,TRUE
GrupoZ,abc07,1,Stack,103924,51962,103924,103924,TRUE
GrupoZ,abc07,2,Stack,103924,51962,103924,103932,TRUE
GrupoZ,abc07,3,Stack,103924,51962,103924,103936,TRUE
GrupoZ,abc07,322,Stack,103924,51962,103924,103940,TRUE
GrupoZ,ijk00,456,Stack,124913,62456,124913,124917,TRUE
GrupoZ,ijk00,923,Data,124913,62456,62456,62456,FALSE
GrupoZ,ijk00,1379,Stack,124913,62456,124913,124913,TRUE
GrupoZ,ijk01,456,Stack,103493,51746,103493,103501,TRUE
GrupoZ,ijk01,923,Data,103493,51746,51746,51746,FALSE
GrupoZ,ijk01,1379,Stack,103493,51746,103493,103505,TRUE
GrupoZ,ijk02,456,Data,101439,50719,50719,50723,FALSE
GrupoZ,ijk02,923,Data,101439,50719,50719,50727,FALSE
GrupoZ,ijk02,1379,Data,101439,50719,50719,50719,FALSE
GrupoZ,ijk03,456,Data,115566,57783,57783,57787,FALSE
GrupoZ,ijk03,923,Data,115566,57783,57783,57795,FALSE
GrupoZ,ijk03,1379,Data,115566,57783,57783,57791,FALSE
GrupoZ,ijk04,30,Stack,109958,54979,109958,109958,TRUE
GrupoZ,ijk04,46,Stack,109958,54979,109958,109962,TRUE
GrupoZ,ijk04,76,Stack,109958,54979,109958,109966,TRUE
GrupoZ,ijk05,-18,Stack,100624,50312,100624,100628,TRUE
GrupoZ,ijk05,-2,Stack,100624,50312,100624,100624,TRUE
GrupoZ,ijk05,16,Stack,100624,50312,100624,100632,TRUE
GrupoZ,ijk06,5,Stack,116311,58155,116311,116315,TRUE
GrupoZ,ijk06,12,Stack,116311,58155,116311,116319,TRUE
GrupoZ,ijk06,25,Stack,116311,58155,116311,116311,TRUE
GrupoZ,ijk07,45,Stack,115516,57758,115516,115516,TRUE
GrupoZ,ijk07,135,Stack,115516,57758,115516,115520,TRUE
GrupoZ,ijk07,6075,Stack,115516,57758,115516,115524,TRUE
GrupoZ,ijk08,3,Stack,131983,65991,131983,131991,TRUE
GrupoZ,ijk08,15,Stack,131983,65991,131983,131987,TRUE
GrupoZ,ijk08,55,Stack,131983,65991,131983,131983,TRUE
GrupoZ,ijk09,3,Stack,101874,50937,101874,101882,TRUE
GrupoZ,ijk09,15,Stack,101874,50937,101874,101878,TRUE
GrupoZ,ijk09,46,Stack,101874,50937,101874,101874,TRUE
GrupoZ,ijk10,2,Stack,115921,57960,115921,115929,TRUE
GrupoZ,ijk10,300,Stack,115921,57960,115921,115921,TRUE
GrupoZ,ijk10,400,Stack,115921,57960,115921,115925,TRUE
GrupoZ,ijk11,2,Stack,100535,50267,100535,100543,TRUE
GrupoZ,ijk11,400,Stack,100535,50267,100535,100539,TRUE
GrupoZ,ijk11,800,Stack,100535,50267,100535,100535,TRUE
GrupoZ,ijk12,20,Stack,110423,55211,110423,110423,TRUE
GrupoZ,ijk13,2,Stack,104750,52375,104750,104750,TRUE
GrupoZ,ijk14,393,Data,131502,65751,65751,65751,FALSE
GrupoZ,ijk14,394,Stack,131502,65751,131502,131502,TRUE
GrupoZ,ijk15,-393,Stack,106459,53229,106459,106459,TRUE
GrupoZ,ijk15,393,Stack,106459,53229,106459,106463,TRUE
GrupoZ,ijk16,0,Data,122292,61146,61146,61146,FALSE
GrupoZ,ijk16,1,Data,122292,61146,61146,61150,FALSE
GrupoZ,ijk16,109,Stack,122292,61146,122292,122292,TRUE
GrupoZ,ijk17,0,Data,116705,58352,58352,58352,FALSE
GrupoZ,ijk17,1,Data,116705,58352,58352,58356,FALSE
GrupoZ,ijk17,109,Stack,116705,58352,116705,116705,TRUE
GrupoZ,ijk18,1,Data,123336,61668,61668,61668,FALSE
GrupoZ,ijk18,2,Data,123336,61668,61668,61672,FALSE
GrupoZ,ijk18,109,Stack,123336,61668,123336,123336,TRUE
GrupoZ,ijk19,1,Data,113159,56579,56579,56579,FALSE
GrupoZ,ijk19,4,Stack,113159,56579,113159,113163,TRUE
GrupoZ,ijk19,109,Stack,113159,56579,113159,113159,TRUE
GrupoZ,ijk20,1,Data,121353,60676,60676,60676,FALSE
GrupoZ,ijk20,5,Stack,121353,60676,121353,121357,TRUE
GrupoZ,ijk20,109,Stack,121353,60676,121353,121353,TRUE
GrupoZ,ijk21,0,Data,118177,59088,59088,59088,FALSE
GrupoZ,ijk21,5,Stack,118177,59088,118177,118185,TRUE
GrupoZ,ijk21,108,Stack,118177,59088,118177,118181,TRUE
GrupoZ,ijk21,109,Stack,118177,59088,118177,118177,TRUE
GrupoZ,ijk22,1,Data,122141,61070,61070,61070,FALSE
GrupoZ,ijk22,6,Stack,122141,61070,122141,122149,TRUE
GrupoZ,ijk22,108,Stack,122141,61070,122141,122145,TRUE
GrupoZ,ijk22,109,Stack,122141,61070,122141,122141,TRUE
GrupoZ,ijk23,0,Data,103261,51630,51630,51630,FALSE
GrupoZ,ijk23,5,Stack,103261,51630,103261,103269,TRUE
GrupoZ,ijk23,109,Stack,103261,51630,103261,103261,TRUE
GrupoZ,ijk24,1,Data,107541,53770,53770,53770,FALSE
GrupoZ,ijk24,1,Stack,107541,53770,107541,107541,TRUE
GrupoZ,ijk24,6,Stack,107541,53770,107541,107549,TRUE
